[
  {
    "first_name": "Ryle",
    "last_name": "Santos"
  },
  {
    "first_name": "Dale",
    "last_name": "Santos"
  },
  {
    "first_name": "Janna",
    "last_name": "Lopez"
  },
  {
    "first_name": "Maya",
    "last_name": "Lopez"
  },
  {
    "first_name": "Maya",
    "last_name": "Lopez"
  },
  {
    "first_name": "Daniel",
    "last_name": "Cruz"
  },
  {
    "first_name": "Daniel",
    "last_name": "Cruz"
  },
  {
    "first_name": "laniel",
    "last_name": "Cruz"
  },
  {
    "first_name": "laniel",
    "last_name": "Cruz"
  }
]